{"cameraMode":{"drawMode":0,"name":"Shaded","section":"Shading Mode"},"sceneLighting":false,"audioPlay":false,"sceneViewState":{"m_AlwaysRefresh":false,"showFog":true,"showSkybox":false,"showFlares":true,"showImageEffects":true,"showParticleSystems":true,"showVisualEffectGraphs":true,"m_FxEnabled":true},"in2DMode":false,"pivot":{"x":0.02821168303489685,"y":0.002256026491522789,"z":-0.00373820960521698},"rotation":{"x":-0.0762188658118248,"y":-0.07173481583595276,"z":0.005710067227482796,"w":-0.99460369348526},"size":0.08088472485542298,"orthographic":false}