{"cameraMode":{"drawMode":0,"name":"Shaded","section":"Shading Mode"},"sceneLighting":true,"audioPlay":false,"sceneViewState":{"m_AlwaysRefresh":false,"showFog":true,"showSkybox":true,"showFlares":true,"showImageEffects":true,"showParticleSystems":true,"showVisualEffectGraphs":true,"m_FxEnabled":true},"in2DMode":false,"pivot":{"x":5.605921745300293,"y":-1.924211025238037,"z":66.56072235107422},"rotation":{"x":-0.017929548397660257,"y":-0.07643670588731766,"z":0.0016091209836304188,"w":-0.9970355033874512},"size":52.019432067871097,"orthographic":false}