{"cameraMode":{"drawMode":0,"name":"Shaded","section":"Shading Mode"},"sceneLighting":true,"audioPlay":false,"sceneViewState":{"m_AlwaysRefresh":false,"showFog":true,"showSkybox":true,"showFlares":true,"showImageEffects":true,"showParticleSystems":true,"showVisualEffectGraphs":true,"m_FxEnabled":true},"in2DMode":false,"pivot":{"x":-0.42989739775657656,"y":1.5672940015792847,"z":-52.020992279052737},"rotation":{"x":0.23943057656288148,"y":0.0962202250957489,"z":-0.023852920159697534,"w":0.9658389687538147},"size":0.7528161406517029,"orthographic":false}