{"cameraMode":{"drawMode":0,"name":"Shaded","section":"Shading Mode"},"sceneLighting":false,"audioPlay":false,"sceneViewState":{"m_AlwaysRefresh":false,"showFog":true,"showSkybox":false,"showFlares":true,"showImageEffects":true,"showParticleSystems":true,"showVisualEffectGraphs":true,"m_FxEnabled":true},"in2DMode":false,"pivot":{"x":119.59466552734375,"y":27.708168029785158,"z":-485.1578369140625},"rotation":{"x":-0.03730451688170433,"y":0.1032416820526123,"z":-0.0037715043872594835,"w":-0.9940681457519531},"size":0.8689073324203491,"orthographic":false}