{"cameraMode":{"drawMode":0,"name":"Shaded","section":"Shading Mode"},"sceneLighting":false,"audioPlay":false,"sceneViewState":{"m_AlwaysRefresh":false,"showFog":true,"showSkybox":false,"showFlares":true,"showImageEffects":true,"showParticleSystems":true,"showVisualEffectGraphs":true,"m_FxEnabled":true},"in2DMode":false,"pivot":{"x":0.05863355100154877,"y":1.0096616744995118,"z":-94.92965698242188},"rotation":{"x":0.11932537704706192,"y":-0.691781759262085,"z":0.11716093868017197,"w":0.7026364803314209},"size":0.5171653628349304,"orthographic":false}